{"cameraMode":{"drawMode":0,"name":"Shaded","section":"Shading Mode"},"sceneLighting":true,"audioPlay":false,"sceneViewState":{"showFog":true,"showMaterialUpdate":false,"showSkybox":true,"showFlares":true,"showImageEffects":true,"showParticleSystems":true},"in2DMode":false,"pivot":{"x":-0.5201058387756348,"y":0.6964640617370606,"z":24.577482223510743},"rotation":{"x":0.27016982436180117,"y":-0.35836490988731387,"z":0.10978888720273972,"w":0.8873091340065002},"size":6.539156436920166,"orthographic":false}