{"cameraMode":{"drawMode":0,"name":"Shaded","section":"Shading Mode"},"sceneLighting":true,"audioPlay":false,"sceneViewState":{"showFog":false,"showMaterialUpdate":false,"showSkybox":false,"showFlares":false,"showImageEffects":false,"showParticleSystems":false},"in2DMode":false,"pivot":{"x":4.371819972991943,"y":1.7386913299560547,"z":1.7857561111450196},"rotation":{"x":0.2501828372478485,"y":0.014522384852170945,"z":-0.0037530737463384868,"w":0.9680827856063843},"size":6.016260623931885,"orthographic":false}