{"cameraMode":{"drawMode":0,"name":"Shaded","section":"Shading Mode"},"sceneLighting":true,"audioPlay":false,"sceneViewState":{"showFog":false,"showMaterialUpdate":false,"showSkybox":false,"showFlares":false,"showImageEffects":false,"showParticleSystems":false},"in2DMode":false,"pivot":{"x":1.1033744812011719,"y":-2.0382986068725588,"z":2.884669065475464},"rotation":{"x":-0.3370937407016754,"y":0.478349506855011,"z":-0.20582932233810426,"w":-0.7847145795822144},"size":10.048089027404786,"orthographic":false}