{"cameraMode":{"drawMode":0,"name":"Shaded","section":"Shading Mode"},"sceneLighting":false,"audioPlay":false,"sceneViewState":{"showFog":false,"showMaterialUpdate":false,"showSkybox":false,"showFlares":false,"showImageEffects":false,"showParticleSystems":false},"in2DMode":false,"pivot":{"x":-0.03530675172805786,"y":1.081752061843872,"z":0.10778522491455078},"rotation":{"x":-0.011351319961249829,"y":-0.8951404690742493,"z":-0.022831086069345475,"w":0.4450562298297882},"size":1.5875262022018433,"orthographic":false}