{"cameraMode":{"drawMode":0,"name":"Shaded","section":"Shading Mode"},"sceneLighting":true,"audioPlay":false,"sceneViewState":{"showFog":false,"showMaterialUpdate":false,"showSkybox":false,"showFlares":false,"showImageEffects":false,"showParticleSystems":false},"in2DMode":false,"pivot":{"x":-39.92033386230469,"y":-9.111988067626954,"z":-8.044370651245118},"rotation":{"x":0.07495566457509995,"y":-0.747320294380188,"z":0.08556555211544037,"w":0.654655396938324},"size":28.29433822631836,"orthographic":false}