{"cameraMode":{"drawMode":0,"name":"Shaded","section":"Shading Mode"},"sceneLighting":false,"audioPlay":false,"sceneViewState":{"showFog":false,"showMaterialUpdate":false,"showSkybox":false,"showFlares":false,"showImageEffects":false,"showParticleSystems":false},"in2DMode":false,"pivot":{"x":-5.754691123962402,"y":0.5868865251541138,"z":3.7810401916503908},"rotation":{"x":0.12852254509925843,"y":-0.8705599308013916,"z":0.3137383460998535,"w":0.35662341117858889},"size":0.7787539958953857,"orthographic":false}