{"cameraMode":{"drawMode":0,"name":"Shaded","section":"Shading Mode"},"sceneLighting":true,"audioPlay":false,"sceneViewState":{"showFog":false,"showMaterialUpdate":false,"showSkybox":false,"showFlares":false,"showImageEffects":false,"showParticleSystems":false},"in2DMode":false,"pivot":{"x":3.8950753211975099,"y":0.796875,"z":-0.7835677266120911},"rotation":{"x":0.4325616955757141,"y":-0.1090879887342453,"z":0.05281636491417885,"w":0.8934211134910584},"size":20.94279670715332,"orthographic":false}