{"cameraMode":{"drawMode":0,"name":"Shaded","section":"Shading Mode"},"sceneLighting":true,"audioPlay":false,"sceneViewState":{"showFog":false,"showMaterialUpdate":false,"showSkybox":false,"showFlares":false,"showImageEffects":false,"showParticleSystems":false},"in2DMode":false,"pivot":{"x":-1.5097734928131104,"y":0.969379186630249,"z":-1.535104751586914},"rotation":{"x":0.1597200185060501,"y":-0.03345632553100586,"z":0.005416290834546089,"w":0.9865813851356506},"size":1.6193296909332276,"orthographic":false}