{"cameraMode":{"drawMode":0,"name":"Shaded","section":"Shading Mode"},"sceneLighting":true,"audioPlay":false,"sceneViewState":{"showFog":false,"showMaterialUpdate":false,"showSkybox":false,"showFlares":false,"showImageEffects":false,"showParticleSystems":false},"in2DMode":false,"pivot":{"x":0.006573200225830078,"y":2.8152613639831545,"z":2.1474852561950685},"rotation":{"x":-0.2579449713230133,"y":0.45797404646873476,"z":-0.14351630210876466,"w":-0.8394155502319336},"size":4.473083972930908,"orthographic":false}